project,algorithm_metric,auc,accuracy,precision,recall,f1,tp,fp,tn,fn
atlasdb,CNB with anti-pattern metrics,0.9541984732824428,0.8025316455696202,0.025,1.0,0.04878048780487805,2,78,315,0
atlasdb,CNB without_anti-pattern_metrics,0.9541984732824428,0.8,0.024691358024691357,1.0,0.04819277108433735,2,79,314,0
atlasdb,LR with anti-pattern metrics,0.8893129770992366,0.8405063291139241,0.03076923076923077,1.0,0.05970149253731343,2,63,330,0
atlasdb,LR without_anti-pattern_metrics,0.8944020356234097,0.8455696202531645,0.031746031746031744,1.0,0.06153846153846154,2,61,332,0
atlasdb,DT with anti-pattern metrics,0.7379134860050891,0.9620253164556962,0.06666666666666667,0.5,0.11764705882352941,1,14,379,1
atlasdb,DT without_anti-pattern_metrics,0.7162849872773537,0.8683544303797468,0.019230769230769232,0.5,0.037037037037037035,1,51,342,1
atlasdb,MLP with anti-pattern metrics,0.6374045801526718,0.9949367088607595,0.0,0.0,0.0,0,0,393,2
atlasdb,MLP without_anti-pattern_metrics,0.45674300254452926,0.9949367088607595,0.0,0.0,0.0,0,0,393,2
atlasdb,SVM with anti-pattern metrics,0.8638676844783715,0.789873417721519,0.023529411764705882,1.0,0.04597701149425287,2,83,310,0
atlasdb,SVM without_anti-pattern_metrics,0.8651399491094147,0.7924050632911392,0.023809523809523808,1.0,0.046511627906976744,2,82,311,0
atlasdb,RF with anti-pattern metrics,0.8333333333333333,0.9949367088607595,0.0,0.0,0.0,0,0,393,2
atlasdb,RF without_anti-pattern_metrics,0.8759541984732824,0.9949367088607595,0.0,0.0,0.0,0,0,393,2
autopsy,CNB with anti-pattern metrics,0.9776357827476038,0.9044585987261147,0.03225806451612903,1.0,0.0625,1,30,283,0
autopsy,CNB without_anti-pattern_metrics,0.9808306709265175,0.9203821656050956,0.038461538461538464,1.0,0.07407407407407407,1,25,288,0
autopsy,LR with anti-pattern metrics,0.9584664536741214,0.964968152866242,0.0,0.0,0.0,0,10,303,1
autopsy,LR without_anti-pattern_metrics,0.9616613418530351,0.9681528662420382,0.0,0.0,0.0,0,9,304,1
autopsy,DT with anti-pattern metrics,0.5,0.9968152866242038,0.0,0.0,0.0,0,0,313,1
autopsy,DT without_anti-pattern_metrics,0.5,0.9968152866242038,0.0,0.0,0.0,0,0,313,1
autopsy,MLP with anti-pattern metrics,0.16613418530351443,0.9968152866242038,0.0,0.0,0.0,0,0,313,1
autopsy,MLP without_anti-pattern_metrics,0.1565495207667732,0.9968152866242038,0.0,0.0,0.0,0,0,313,1
autopsy,SVM with anti-pattern metrics,0.9680511182108626,0.9681528662420382,0.09090909090909091,1.0,0.16666666666666666,1,10,303,0
autopsy,SVM without_anti-pattern_metrics,0.9680511182108626,0.9681528662420382,0.09090909090909091,1.0,0.16666666666666666,1,10,303,0
autopsy,RF with anti-pattern metrics,0.4057507987220447,0.9968152866242038,0.0,0.0,0.0,0,0,313,1
autopsy,RF without_anti-pattern_metrics,0.840255591054313,0.9968152866242038,0.0,0.0,0.0,0,0,313,1
bazel,CNB with anti-pattern metrics,0.713412017167382,0.8290870488322718,0.01910828025477707,0.3,0.03592814371257485,3,154,778,7
bazel,CNB without_anti-pattern_metrics,0.713412017167382,0.8290870488322718,0.01910828025477707,0.3,0.03592814371257485,3,154,778,7
bazel,LR with anti-pattern metrics,0.5275751072961372,0.861995753715499,0.016129032258064516,0.2,0.029850746268656716,2,122,810,8
bazel,LR without_anti-pattern_metrics,0.5275751072961372,0.861995753715499,0.016129032258064516,0.2,0.029850746268656716,2,122,810,8
bazel,DT with anti-pattern metrics,0.5832081545064378,0.921443736730361,0.029411764705882353,0.2,0.05128205128205128,2,66,866,8
bazel,DT without_anti-pattern_metrics,0.5832081545064378,0.921443736730361,0.029411764705882353,0.2,0.05128205128205128,2,66,866,8
bazel,MLP with anti-pattern metrics,0.6456008583690988,0.9893842887473461,0.0,0.0,0.0,0,0,932,10
bazel,MLP without_anti-pattern_metrics,0.6183476394849786,0.9893842887473461,0.0,0.0,0.0,0,0,932,10
bazel,SVM with anti-pattern metrics,0.5361587982832619,0.8673036093418259,0.01680672268907563,0.2,0.031007751937984496,2,117,815,8
bazel,SVM without_anti-pattern_metrics,0.5361587982832619,0.8673036093418259,0.01680672268907563,0.2,0.031007751937984496,2,117,815,8
bazel,RF with anti-pattern metrics,0.45895922746781115,0.9893842887473461,0.0,0.0,0.0,0,0,932,10
bazel,RF without_anti-pattern_metrics,0.45895922746781115,0.9893842887473461,0.0,0.0,0.0,0,0,932,10
bisq,CNB with anti-pattern metrics,0.34782608695652173,0.9097472924187726,0.0,0.0,0.0,0,24,252,1
bisq,CNB without_anti-pattern_metrics,0.35144927536231885,0.9097472924187726,0.0,0.0,0.0,0,24,252,1
bisq,LR with anti-pattern metrics,0.32608695652173914,0.9205776173285198,0.0,0.0,0.0,0,21,255,1
bisq,LR without_anti-pattern_metrics,0.33333333333333337,0.9205776173285198,0.0,0.0,0.0,0,21,255,1
bisq,DT with anti-pattern metrics,0.5,0.9963898916967509,0.0,0.0,0.0,0,0,276,1
bisq,DT without_anti-pattern_metrics,0.49094202898550726,0.9783393501805054,0.0,0.0,0.0,0,5,271,1
bisq,MLP with anti-pattern metrics,0.3188405797101449,0.9963898916967509,0.0,0.0,0.0,0,0,276,1
bisq,MLP without_anti-pattern_metrics,0.2536231884057971,0.9963898916967509,0.0,0.0,0.0,0,0,276,1
bisq,SVM with anti-pattern metrics,0.1123188405797102,0.8844765342960289,0.0,0.0,0.0,0,31,245,1
bisq,SVM without_anti-pattern_metrics,0.1123188405797102,0.8880866425992779,0.0,0.0,0.0,0,30,246,1
bisq,RF with anti-pattern metrics,0.7173913043478262,0.9963898916967509,0.0,0.0,0.0,0,0,276,1
bisq,RF without_anti-pattern_metrics,0.7681159420289855,0.9963898916967509,0.0,0.0,0.0,0,0,276,1
boofcv,CNB with anti-pattern metrics,0.6969178082191781,0.6803418803418804,0.005319148936170213,1.0,0.010582010582010581,1,187,397,0
boofcv,CNB without_anti-pattern_metrics,0.696917808219178,0.676923076923077,0.005263157894736842,1.0,0.010471204188481676,1,189,395,0
boofcv,LR with anti-pattern metrics,0.9006849315068493,0.8478632478632478,0.011111111111111112,1.0,0.02197802197802198,1,89,495,0
boofcv,LR without_anti-pattern_metrics,0.9006849315068493,0.8478632478632478,0.011111111111111112,1.0,0.02197802197802198,1,89,495,0
boofcv,DT with anti-pattern metrics,0.4597602739726027,0.9179487179487179,0.0,0.0,0.0,0,47,537,1
boofcv,DT without_anti-pattern_metrics,0.4529109589041096,0.9042735042735043,0.0,0.0,0.0,0,55,529,1
boofcv,MLP with anti-pattern metrics,0.16609589041095896,0.9982905982905983,0.0,0.0,0.0,0,0,584,1
boofcv,MLP without_anti-pattern_metrics,0.20547945205479456,0.9982905982905983,0.0,0.0,0.0,0,0,584,1
boofcv,SVM with anti-pattern metrics,0.8955479452054795,0.8632478632478633,0.012345679012345678,1.0,0.024390243902439025,1,80,504,0
boofcv,SVM without_anti-pattern_metrics,0.8972602739726028,0.8632478632478633,0.012345679012345678,1.0,0.024390243902439025,1,80,504,0
boofcv,RF with anti-pattern metrics,0.6806506849315068,0.9982905982905983,0.0,0.0,0.0,0,0,584,1
boofcv,RF without_anti-pattern_metrics,0.324486301369863,0.9982905982905983,0.0,0.0,0.0,0,0,584,1
caffeine,CNB with anti-pattern metrics,0.780952380952381,0.8493150684931506,0.16666666666666666,0.6666666666666666,0.26666666666666666,2,10,60,1
caffeine,CNB without_anti-pattern_metrics,0.780952380952381,0.8493150684931506,0.16666666666666666,0.6666666666666666,0.26666666666666666,2,10,60,1
caffeine,LR with anti-pattern metrics,0.8523809523809525,0.821917808219178,0.14285714285714285,0.6666666666666666,0.23529411764705882,2,12,58,1
caffeine,LR without_anti-pattern_metrics,0.8523809523809525,0.821917808219178,0.14285714285714285,0.6666666666666666,0.23529411764705882,2,12,58,1
caffeine,DT with anti-pattern metrics,0.8142857142857142,0.9315068493150684,0.3333333333333333,0.6666666666666666,0.4444444444444444,2,4,66,1
caffeine,DT without_anti-pattern_metrics,0.8142857142857142,0.9315068493150684,0.3333333333333333,0.6666666666666666,0.4444444444444444,2,4,66,1
caffeine,MLP with anti-pattern metrics,0.3238095238095238,0.958904109589041,0.0,0.0,0.0,0,0,70,3
caffeine,MLP without_anti-pattern_metrics,0.3238095238095238,0.958904109589041,0.0,0.0,0.0,0,0,70,3
caffeine,SVM with anti-pattern metrics,0.8857142857142857,0.8082191780821918,0.13333333333333333,0.6666666666666666,0.2222222222222222,2,13,57,1
caffeine,SVM without_anti-pattern_metrics,0.8857142857142857,0.8082191780821918,0.13333333333333333,0.6666666666666666,0.2222222222222222,2,13,57,1
caffeine,RF with anti-pattern metrics,0.9357142857142856,0.958904109589041,0.0,0.0,0.0,0,0,70,3
caffeine,RF without_anti-pattern_metrics,0.9357142857142856,0.958904109589041,0.0,0.0,0.0,0,0,70,3
crate,CNB with anti-pattern metrics,0.6622652582159625,0.8913551401869159,0.0,0.0,0.0,0,89,763,4
crate,CNB without_anti-pattern_metrics,0.6622652582159625,0.8913551401869159,0.0,0.0,0.0,0,89,763,4
crate,LR with anti-pattern metrics,0.7165492957746479,0.8422897196261683,0.0,0.0,0.0,0,131,721,4
crate,LR without_anti-pattern_metrics,0.7165492957746479,0.8422897196261683,0.0,0.0,0.0,0,131,721,4
crate,DT with anti-pattern metrics,0.41901408450704225,0.8341121495327103,0.0,0.0,0.0,0,138,714,4
crate,DT without_anti-pattern_metrics,0.41901408450704225,0.8341121495327103,0.0,0.0,0.0,0,138,714,4
crate,MLP with anti-pattern metrics,0.7180164319248826,0.9953271028037384,0.0,0.0,0.0,0,0,852,4
crate,MLP without_anti-pattern_metrics,0.7570422535211268,0.9953271028037384,0.0,0.0,0.0,0,0,852,4
crate,SVM with anti-pattern metrics,0.7092136150234742,0.8504672897196262,0.0,0.0,0.0,0,124,728,4
crate,SVM without_anti-pattern_metrics,0.7092136150234742,0.8504672897196262,0.0,0.0,0.0,0,124,728,4
crate,RF with anti-pattern metrics,0.7425176056338028,0.9953271028037384,0.0,0.0,0.0,0,0,852,4
crate,RF without_anti-pattern_metrics,0.7425176056338028,0.9953271028037384,0.0,0.0,0.0,0,0,852,4
dataverse,CNB with anti-pattern metrics,0.2011173184357542,0.9722222222222222,0.0,0.0,0.0,0,4,175,1
dataverse,CNB without_anti-pattern_metrics,0.1843575418994413,0.9666666666666667,0.0,0.0,0.0,0,5,174,1
dataverse,LR with anti-pattern metrics,0.9329608938547487,0.9333333333333333,0.07692307692307693,1.0,0.14285714285714285,1,12,167,0
dataverse,LR without_anti-pattern_metrics,0.9273743016759776,0.9444444444444444,0.0,0.0,0.0,0,9,170,1
dataverse,DT with anti-pattern metrics,0.441340782122905,0.8777777777777778,0.0,0.0,0.0,0,21,158,1
dataverse,DT without_anti-pattern_metrics,0.9720670391061452,0.9444444444444444,0.09090909090909091,1.0,0.16666666666666666,1,10,169,0
dataverse,MLP with anti-pattern metrics,0.0949720670391061,0.9944444444444445,0.0,0.0,0.0,0,0,179,1
dataverse,MLP without_anti-pattern_metrics,0.0949720670391061,0.9944444444444445,0.0,0.0,0.0,0,0,179,1
dataverse,SVM with anti-pattern metrics,0.9441340782122905,0.9388888888888889,0.08333333333333333,1.0,0.15384615384615385,1,11,168,0
dataverse,SVM without_anti-pattern_metrics,0.9497206703910615,0.9611111111111111,0.0,0.0,0.0,0,6,173,1
dataverse,RF with anti-pattern metrics,0.8491620111731844,0.9944444444444445,0.0,0.0,0.0,0,0,179,1
dataverse,RF without_anti-pattern_metrics,0.553072625698324,0.9944444444444445,0.0,0.0,0.0,0,0,179,1
dbeaver,CNB with anti-pattern metrics,0.7403343782654128,0.369022869022869,0.006557377049180328,0.8,0.013008130081300813,4,606,351,1
dbeaver,CNB without_anti-pattern_metrics,0.7405433646812957,0.3711018711018711,0.006578947368421052,0.8,0.013050570962479609,4,604,353,1
dbeaver,LR with anti-pattern metrics,0.6880877742946709,0.8035343035343036,0.010638297872340425,0.4,0.02072538860103627,2,186,771,3
dbeaver,LR without_anti-pattern_metrics,0.687878787878788,0.8035343035343036,0.010638297872340425,0.4,0.02072538860103627,2,186,771,3
dbeaver,DT with anti-pattern metrics,0.3144200626959248,0.9604989604989606,0.0,0.0,0.0,0,33,924,5
dbeaver,DT without_anti-pattern_metrics,0.39153605015673987,0.9064449064449065,0.0,0.0,0.0,0,85,872,5
dbeaver,MLP with anti-pattern metrics,0.280355276907001,0.9948024948024948,0.0,0.0,0.0,0,0,957,5
dbeaver,MLP without_anti-pattern_metrics,0.2891327063740857,0.9948024948024948,0.0,0.0,0.0,0,0,957,5
dbeaver,SVM with anti-pattern metrics,0.7068965517241379,0.7910602910602911,0.01,0.4,0.01951219512195122,2,198,759,3
dbeaver,SVM without_anti-pattern_metrics,0.7058516196447232,0.7941787941787942,0.01015228426395939,0.4,0.019801980198019802,2,195,762,3
dbeaver,RF with anti-pattern metrics,0.9298850574712644,0.9948024948024948,0.0,0.0,0.0,0,0,957,5
dbeaver,RF without_anti-pattern_metrics,0.8924764890282132,0.9948024948024948,0.0,0.0,0.0,0,0,957,5
elasticsearch,CNB with anti-pattern metrics,0.5353299801859472,0.8163672654690619,0.02857142857142857,0.15555555555555556,0.04827586206896552,7,238,1220,38
elasticsearch,CNB without_anti-pattern_metrics,0.5353299801859472,0.8163672654690619,0.02857142857142857,0.15555555555555556,0.04827586206896552,7,238,1220,38
elasticsearch,LR with anti-pattern metrics,0.6155159274500838,0.782435129740519,0.04516129032258064,0.3111111111111111,0.07887323943661972,14,296,1162,31
elasticsearch,LR without_anti-pattern_metrics,0.6155159274500838,0.782435129740519,0.04516129032258064,0.3111111111111111,0.07887323943661972,14,296,1162,31
elasticsearch,DT with anti-pattern metrics,0.6246227709190671,0.8210246174318031,0.07251908396946564,0.4222222222222222,0.1237785016286645,19,243,1215,26
elasticsearch,DT without_anti-pattern_metrics,0.6246227709190671,0.8210246174318031,0.07251908396946564,0.4222222222222222,0.1237785016286645,19,243,1215,26
elasticsearch,MLP with anti-pattern metrics,0.5270385611949397,0.9700598802395209,0.0,0.0,0.0,0,0,1458,45
elasticsearch,MLP without_anti-pattern_metrics,0.5307117817405883,0.9700598802395209,0.0,0.0,0.0,0,0,1458,45
elasticsearch,SVM with anti-pattern metrics,0.598445358939186,0.7711244178310046,0.04,0.28888888888888886,0.07027027027027027,13,312,1146,32
elasticsearch,SVM without_anti-pattern_metrics,0.598445358939186,0.7711244178310046,0.04,0.28888888888888886,0.07027027027027027,13,312,1146,32
elasticsearch,RF with anti-pattern metrics,0.7639231824417011,0.9700598802395209,0.0,0.0,0.0,0,0,1458,45
elasticsearch,RF without_anti-pattern_metrics,0.7639231824417011,0.9700598802395209,0.0,0.0,0.0,0,0,1458,45
gradle,CNB with anti-pattern metrics,0.7884671320535195,0.9519397799652577,0.04819277108433735,0.5,0.08791208791208792,4,79,1640,4
gradle,CNB without_anti-pattern_metrics,0.7884671320535195,0.9519397799652577,0.04819277108433735,0.5,0.08791208791208792,4,79,1640,4
gradle,LR with anti-pattern metrics,0.8609656777196044,0.9177764910248987,0.0410958904109589,0.75,0.07792207792207792,6,140,1579,2
gradle,LR without_anti-pattern_metrics,0.8609656777196044,0.9177764910248987,0.0410958904109589,0.75,0.07792207792207792,6,140,1579,2
gradle,DT with anti-pattern metrics,0.5646815008726004,0.9200926462072959,0.014925373134328358,0.25,0.028169014084507043,2,132,1587,6
gradle,DT without_anti-pattern_metrics,0.5646815008726004,0.9200926462072959,0.014925373134328358,0.25,0.028169014084507043,2,132,1587,6
gradle,MLP with anti-pattern metrics,0.4118673647469459,0.9953676896352056,0.0,0.0,0.0,0,0,1719,8
gradle,MLP without_anti-pattern_metrics,0.42088423502036065,0.9953676896352056,0.0,0.0,0.0,0,0,1719,8
gradle,SVM with anti-pattern metrics,0.7604712041884816,0.9148812970469021,0.03355704697986577,0.625,0.06369426751592357,5,144,1575,3
gradle,SVM without_anti-pattern_metrics,0.7605439208842351,0.9148812970469021,0.03355704697986577,0.625,0.06369426751592357,5,144,1575,3
gradle,RF with anti-pattern metrics,0.8017379290285049,0.9953676896352056,0.0,0.0,0.0,0,0,1719,8
gradle,RF without_anti-pattern_metrics,0.8017379290285049,0.9953676896352056,0.0,0.0,0.0,0,0,1719,8
grpc-java,CNB with anti-pattern metrics,0.5693430656934306,0.8380281690140845,0.05,0.2,0.08,1,19,118,4
grpc-java,CNB without_anti-pattern_metrics,0.5693430656934306,0.8380281690140845,0.05,0.2,0.08,1,19,118,4
grpc-java,LR with anti-pattern metrics,0.5722627737226278,0.8098591549295775,0.041666666666666664,0.2,0.06896551724137931,1,23,114,4
grpc-java,LR without_anti-pattern_metrics,0.5722627737226278,0.8098591549295775,0.041666666666666664,0.2,0.06896551724137931,1,23,114,4
grpc-java,DT with anti-pattern metrics,0.5620437956204379,0.8802816901408451,0.07142857142857142,0.2,0.10526315789473684,1,13,124,4
grpc-java,DT without_anti-pattern_metrics,0.5620437956204379,0.8802816901408451,0.07142857142857142,0.2,0.10526315789473684,1,13,124,4
grpc-java,MLP with anti-pattern metrics,0.4802919708029197,0.9647887323943662,0.0,0.0,0.0,0,0,137,5
grpc-java,MLP without_anti-pattern_metrics,0.40145985401459855,0.9647887323943662,0.0,0.0,0.0,0,0,137,5
grpc-java,SVM with anti-pattern metrics,0.5664233576642336,0.8098591549295775,0.041666666666666664,0.2,0.06896551724137931,1,23,114,4
grpc-java,SVM without_anti-pattern_metrics,0.5664233576642336,0.8098591549295775,0.041666666666666664,0.2,0.06896551724137931,1,23,114,4
grpc-java,RF with anti-pattern metrics,0.9007299270072993,0.9647887323943662,0.0,0.0,0.0,0,0,137,5
grpc-java,RF without_anti-pattern_metrics,0.9007299270072993,0.9647887323943662,0.0,0.0,0.0,0,0,137,5
hapi-fhir,CNB with anti-pattern metrics,0.6186440677966102,0.4329608938547486,0.014634146341463415,0.75,0.028708133971291867,3,202,152,1
hapi-fhir,CNB without_anti-pattern_metrics,0.5812146892655368,0.41899441340782123,0.014285714285714285,0.75,0.028037383177570093,3,207,147,1
hapi-fhir,LR with anti-pattern metrics,0.4738700564971752,0.5949720670391061,0.006993006993006993,0.25,0.013605442176870748,1,142,212,3
hapi-fhir,LR without_anti-pattern_metrics,0.4830508474576271,0.5726256983240223,0.006622516556291391,0.25,0.012903225806451613,1,150,204,3
hapi-fhir,DT with anti-pattern metrics,0.7199858757062148,0.659217877094972,0.024193548387096774,0.75,0.046875,3,121,233,1
hapi-fhir,DT without_anti-pattern_metrics,0.530367231638418,0.6256983240223464,0.014925373134328358,0.5,0.028985507246376812,2,132,222,2
hapi-fhir,MLP with anti-pattern metrics,0.452683615819209,0.9888268156424581,0.0,0.0,0.0,0,0,354,4
hapi-fhir,MLP without_anti-pattern_metrics,0.4646892655367232,0.9888268156424581,0.0,0.0,0.0,0,0,354,4
hapi-fhir,SVM with anti-pattern metrics,0.5084745762711864,0.553072625698324,0.018518518518518517,0.75,0.03614457831325301,3,159,195,1
hapi-fhir,SVM without_anti-pattern_metrics,0.509180790960452,0.553072625698324,0.018518518518518517,0.75,0.03614457831325301,3,159,195,1
hapi-fhir,RF with anti-pattern metrics,0.6168785310734464,0.9888268156424581,0.0,0.0,0.0,0,0,354,4
hapi-fhir,RF without_anti-pattern_metrics,0.5988700564971752,0.9888268156424581,0.0,0.0,0.0,0,0,354,4
mica2,CNB with anti-pattern metrics,0.603225806451613,0.26993865030674846,0.04878048780487805,0.75,0.0916030534351145,6,117,38,2
mica2,CNB without_anti-pattern_metrics,0.603225806451613,0.26993865030674846,0.04878048780487805,0.75,0.0916030534351145,6,117,38,2
mica2,LR with anti-pattern metrics,0.6830645161290323,0.7177914110429447,0.10416666666666667,0.625,0.17857142857142858,5,43,112,3
mica2,LR without_anti-pattern_metrics,0.6830645161290323,0.7177914110429447,0.10416666666666667,0.625,0.17857142857142858,5,43,112,3
mica2,DT with anti-pattern metrics,0.5866935483870968,0.6134969325153374,0.07692307692307693,0.625,0.136986301369863,5,60,95,3
mica2,DT without_anti-pattern_metrics,0.5866935483870968,0.6134969325153374,0.07692307692307693,0.625,0.136986301369863,5,60,95,3
mica2,MLP with anti-pattern metrics,0.2830645161290323,0.950920245398773,0.0,0.0,0.0,0,0,155,8
mica2,MLP without_anti-pattern_metrics,0.25564516129032255,0.950920245398773,0.0,0.0,0.0,0,0,155,8
mica2,SVM with anti-pattern metrics,0.6838709677419355,0.6625766871165644,0.08771929824561403,0.625,0.15384615384615385,5,52,103,3
mica2,SVM without_anti-pattern_metrics,0.6838709677419355,0.6625766871165644,0.08771929824561403,0.625,0.15384615384615385,5,52,103,3
mica2,RF with anti-pattern metrics,0.7028225806451613,0.950920245398773,0.0,0.0,0.0,0,0,155,8
mica2,RF without_anti-pattern_metrics,0.7028225806451613,0.950920245398773,0.0,0.0,0.0,0,0,155,8
nextprot-api,CNB with anti-pattern metrics,0.4740740740740741,0.8947368421052632,0.043478260869565216,0.3333333333333333,0.07692307692307693,1,22,203,2
nextprot-api,CNB without_anti-pattern_metrics,0.47259259259259256,0.9429824561403509,0.08333333333333333,0.3333333333333333,0.13333333333333333,1,11,214,2
nextprot-api,LR with anti-pattern metrics,0.8977777777777778,0.9342105263157895,0.125,0.6666666666666666,0.21052631578947367,2,14,211,1
nextprot-api,LR without_anti-pattern_metrics,0.8948148148148147,0.9298245614035088,0.11764705882352941,0.6666666666666666,0.2,2,15,210,1
nextprot-api,DT with anti-pattern metrics,0.8303703703703703,0.9780701754385965,0.3333333333333333,0.6666666666666666,0.4444444444444444,2,4,221,1
nextprot-api,DT without_anti-pattern_metrics,0.6577777777777777,0.9736842105263158,0.2,0.3333333333333333,0.25,1,4,221,2
nextprot-api,MLP with anti-pattern metrics,0.5570370370370371,0.9868421052631579,0.0,0.0,0.0,0,0,225,3
nextprot-api,MLP without_anti-pattern_metrics,0.5466666666666666,0.9868421052631579,0.0,0.0,0.0,0,0,225,3
nextprot-api,SVM with anti-pattern metrics,0.9185185185185185,0.9254385964912281,0.1111111111111111,0.6666666666666666,0.19047619047619047,2,16,209,1
nextprot-api,SVM without_anti-pattern_metrics,0.9081481481481481,0.9254385964912281,0.1111111111111111,0.6666666666666666,0.19047619047619047,2,16,209,1
nextprot-api,RF with anti-pattern metrics,0.9503703703703703,0.9868421052631579,0.0,0.0,0.0,0,0,225,3
nextprot-api,RF without_anti-pattern_metrics,0.9577777777777777,0.9868421052631579,0.0,0.0,0.0,0,0,225,3
openl-tablets,CNB with anti-pattern metrics,0.6115444617784712,0.9626749611197511,0.0,0.0,0.0,0,22,619,2
openl-tablets,CNB without_anti-pattern_metrics,0.6115444617784712,0.9626749611197511,0.0,0.0,0.0,0,22,619,2
openl-tablets,LR with anti-pattern metrics,0.5616224648985959,0.9253499222395023,0.0,0.0,0.0,0,46,595,2
openl-tablets,LR without_anti-pattern_metrics,0.5616224648985959,0.9253499222395023,0.0,0.0,0.0,0,46,595,2
openl-tablets,DT with anti-pattern metrics,0.4641185647425897,0.9253499222395023,0.0,0.0,0.0,0,46,595,2
openl-tablets,DT without_anti-pattern_metrics,0.4641185647425897,0.9253499222395023,0.0,0.0,0.0,0,46,595,2
openl-tablets,MLP with anti-pattern metrics,0.6677067082683308,0.9968895800933126,0.0,0.0,0.0,0,0,641,2
openl-tablets,MLP without_anti-pattern_metrics,0.6450858034321373,0.9968895800933126,0.0,0.0,0.0,0,0,641,2
openl-tablets,SVM with anti-pattern metrics,0.6170046801872074,0.9082426127527217,0.0,0.0,0.0,0,57,584,2
openl-tablets,SVM without_anti-pattern_metrics,0.6170046801872074,0.9082426127527217,0.0,0.0,0.0,0,57,584,2
openl-tablets,RF with anti-pattern metrics,0.3299531981279251,0.9968895800933126,0.0,0.0,0.0,0,0,641,2
openl-tablets,RF without_anti-pattern_metrics,0.3299531981279251,0.9968895800933126,0.0,0.0,0.0,0,0,641,2
openolat,CNB with anti-pattern metrics,0.4885550786838341,0.7020669992872416,0.0024096385542168677,0.2,0.004761904761904762,1,414,984,4
openolat,CNB without_anti-pattern_metrics,0.4885550786838341,0.7020669992872416,0.0024096385542168677,0.2,0.004761904761904762,1,414,984,4
openolat,LR with anti-pattern metrics,0.6391988555078685,0.7933000712758375,0.003484320557491289,0.2,0.00684931506849315,1,286,1112,4
openolat,LR without_anti-pattern_metrics,0.6391988555078685,0.7933000712758375,0.003484320557491289,0.2,0.00684931506849315,1,286,1112,4
openolat,DT with anti-pattern metrics,0.4864091559370529,0.9693513898788311,0.0,0.0,0.0,0,38,1360,5
openolat,DT without_anti-pattern_metrics,0.4864091559370529,0.9693513898788311,0.0,0.0,0.0,0,38,1360,5
openolat,MLP with anti-pattern metrics,0.4005722460658083,0.9964362081254454,0.0,0.0,0.0,0,0,1398,5
openolat,MLP without_anti-pattern_metrics,0.4051502145922747,0.9964362081254454,0.0,0.0,0.0,0,0,1398,5
openolat,SVM with anti-pattern metrics,0.6187410586552218,0.8061297220242338,0.0037174721189591076,0.2,0.0072992700729927005,1,268,1130,4
openolat,SVM without_anti-pattern_metrics,0.6187410586552218,0.8061297220242338,0.0037174721189591076,0.2,0.0072992700729927005,1,268,1130,4
openolat,RF with anti-pattern metrics,0.6662374821173105,0.9964362081254454,0.0,0.0,0.0,0,0,1398,5
openolat,RF without_anti-pattern_metrics,0.6662374821173105,0.9964362081254454,0.0,0.0,0.0,0,0,1398,5
opentripplanner,CNB with anti-pattern metrics,1.0,0.8467153284671532,0.045454545454545456,1.0,0.08695652173913043,1,21,115,0
opentripplanner,CNB without_anti-pattern_metrics,1.0,0.8467153284671532,0.045454545454545456,1.0,0.08695652173913043,1,21,115,0
opentripplanner,LR with anti-pattern metrics,0.9705882352941176,0.927007299270073,0.09090909090909091,1.0,0.16666666666666666,1,10,126,0
opentripplanner,LR without_anti-pattern_metrics,0.9705882352941176,0.927007299270073,0.09090909090909091,1.0,0.16666666666666666,1,10,126,0
opentripplanner,DT with anti-pattern metrics,0.4852941176470588,0.9635036496350365,0.0,0.0,0.0,0,4,132,1
opentripplanner,DT without_anti-pattern_metrics,0.4852941176470588,0.9635036496350365,0.0,0.0,0.0,0,4,132,1
opentripplanner,MLP with anti-pattern metrics,0.022058823529411797,0.9927007299270073,0.0,0.0,0.0,0,0,136,1
opentripplanner,MLP without_anti-pattern_metrics,0.022058823529411797,0.9927007299270073,0.0,0.0,0.0,0,0,136,1
opentripplanner,SVM with anti-pattern metrics,0.9705882352941176,0.9343065693430657,0.1,1.0,0.18181818181818182,1,9,127,0
opentripplanner,SVM without_anti-pattern_metrics,0.9705882352941176,0.9343065693430657,0.1,1.0,0.18181818181818182,1,9,127,0
opentripplanner,RF with anti-pattern metrics,0.9411764705882353,0.9927007299270073,0.0,0.0,0.0,0,0,136,1
opentripplanner,RF without_anti-pattern_metrics,0.9411764705882353,0.9927007299270073,0.0,0.0,0.0,0,0,136,1
presto,CNB with anti-pattern metrics,0.9880851063829788,0.8112244897959183,0.004484304932735426,1.0,0.008928571428571428,1,222,953,0
presto,CNB without_anti-pattern_metrics,0.9880851063829788,0.8112244897959183,0.004484304932735426,1.0,0.008928571428571428,1,222,953,0
presto,LR with anti-pattern metrics,0.9446808510638297,0.9472789115646258,0.0,0.0,0.0,0,61,1114,1
presto,LR without_anti-pattern_metrics,0.9446808510638297,0.9472789115646258,0.0,0.0,0.0,0,61,1114,1
presto,DT with anti-pattern metrics,0.5,0.9991496598639455,0.0,0.0,0.0,0,0,1175,1
presto,DT without_anti-pattern_metrics,0.5,0.9991496598639455,0.0,0.0,0.0,0,0,1175,1
presto,MLP with anti-pattern metrics,0.20170212765957451,0.9991496598639455,0.0,0.0,0.0,0,0,1175,1
presto,MLP without_anti-pattern_metrics,0.18382978723404253,0.9991496598639455,0.0,0.0,0.0,0,0,1175,1
presto,SVM with anti-pattern metrics,0.9412765957446808,0.9591836734693877,0.0,0.0,0.0,0,47,1128,1
presto,SVM without_anti-pattern_metrics,0.9412765957446808,0.9591836734693877,0.0,0.0,0.0,0,47,1128,1
presto,RF with anti-pattern metrics,0.9446808510638298,0.9991496598639455,0.0,0.0,0.0,0,0,1175,1
presto,RF without_anti-pattern_metrics,0.9446808510638298,0.9991496598639455,0.0,0.0,0.0,0,0,1175,1
spongecommon,CNB with anti-pattern metrics,0.773972602739726,0.9455782312925171,0.0,0.0,0.0,0,7,139,1
spongecommon,CNB without_anti-pattern_metrics,0.773972602739726,0.9455782312925171,0.0,0.0,0.0,0,7,139,1
spongecommon,LR with anti-pattern metrics,0.9246575342465754,0.9591836734693877,0.0,0.0,0.0,0,5,141,1
spongecommon,LR without_anti-pattern_metrics,0.9246575342465754,0.9591836734693877,0.0,0.0,0.0,0,5,141,1
spongecommon,DT with anti-pattern metrics,0.4965753424657534,0.9863945578231292,0.0,0.0,0.0,0,1,145,1
spongecommon,DT without_anti-pattern_metrics,0.4931506849315068,0.9795918367346939,0.0,0.0,0.0,0,2,144,1
spongecommon,MLP with anti-pattern metrics,0.17808219178082196,0.9795918367346939,0.0,0.0,0.0,0,2,144,1
spongecommon,MLP without_anti-pattern_metrics,0.17123287671232879,0.9931972789115646,0.0,0.0,0.0,0,0,146,1
spongecommon,SVM with anti-pattern metrics,0.40410958904109584,0.9727891156462585,0.0,0.0,0.0,0,3,143,1
spongecommon,SVM without_anti-pattern_metrics,0.40410958904109584,0.9727891156462585,0.0,0.0,0.0,0,3,143,1
spongecommon,RF with anti-pattern metrics,0.8801369863013699,0.9931972789115646,0.0,0.0,0.0,0,0,146,1
spongecommon,RF without_anti-pattern_metrics,0.904109589041096,0.9931972789115646,0.0,0.0,0.0,0,0,146,1
spring-boot,CNB with anti-pattern metrics,0.6098214285714286,0.8772241992882562,0.014492753623188406,0.5,0.028169014084507043,1,68,492,1
spring-boot,CNB without_anti-pattern_metrics,0.6098214285714286,0.8772241992882562,0.014492753623188406,0.5,0.028169014084507043,1,68,492,1
spring-boot,LR with anti-pattern metrics,0.7508928571428571,0.8701067615658363,0.0,0.0,0.0,0,71,489,2
spring-boot,LR without_anti-pattern_metrics,0.7508928571428571,0.8701067615658363,0.0,0.0,0.0,0,71,489,2
spring-boot,DT with anti-pattern metrics,0.49642857142857144,0.9893238434163701,0.0,0.0,0.0,0,4,556,2
spring-boot,DT without_anti-pattern_metrics,0.49642857142857144,0.9893238434163701,0.0,0.0,0.0,0,4,556,2
spring-boot,MLP with anti-pattern metrics,0.3375,0.99644128113879,0.0,0.0,0.0,0,0,560,2
spring-boot,MLP without_anti-pattern_metrics,0.3875,0.99644128113879,0.0,0.0,0.0,0,0,560,2
spring-boot,SVM with anti-pattern metrics,0.6357142857142857,0.8629893238434164,0.0,0.0,0.0,0,75,485,2
spring-boot,SVM without_anti-pattern_metrics,0.6357142857142857,0.8629893238434164,0.0,0.0,0.0,0,75,485,2
spring-boot,RF with anti-pattern metrics,0.7928571428571429,0.99644128113879,0.0,0.0,0.0,0,0,560,2
spring-boot,RF without_anti-pattern_metrics,0.7928571428571429,0.99644128113879,0.0,0.0,0.0,0,0,560,2
spring-framework,CNB with anti-pattern metrics,0.6920212765957446,0.8961864406779662,0.010416666666666666,0.25,0.02,1,95,845,3
spring-framework,CNB without_anti-pattern_metrics,0.6920212765957446,0.8961864406779662,0.010416666666666666,0.25,0.02,1,95,845,3
spring-framework,LR with anti-pattern metrics,0.8055851063829788,0.8209745762711864,0.005988023952095809,0.25,0.011695906432748537,1,166,774,3
spring-framework,LR without_anti-pattern_metrics,0.8055851063829788,0.8209745762711864,0.005988023952095809,0.25,0.011695906432748537,1,166,774,3
spring-framework,DT with anti-pattern metrics,0.9417553191489362,0.899364406779661,0.030927835051546393,0.75,0.0594059405940594,3,94,846,1
spring-framework,DT without_anti-pattern_metrics,0.9417553191489362,0.899364406779661,0.030927835051546393,0.75,0.0594059405940594,3,94,846,1
spring-framework,MLP with anti-pattern metrics,0.388563829787234,0.9957627118644068,0.0,0.0,0.0,0,0,940,4
spring-framework,MLP without_anti-pattern_metrics,0.3795212765957447,0.9957627118644068,0.0,0.0,0.0,0,0,940,4
spring-framework,SVM with anti-pattern metrics,0.6861702127659575,0.8442796610169492,0.006896551724137931,0.25,0.013422818791946308,1,144,796,3
spring-framework,SVM without_anti-pattern_metrics,0.6861702127659575,0.8442796610169492,0.006896551724137931,0.25,0.013422818791946308,1,144,796,3
spring-framework,RF with anti-pattern metrics,0.9373670212765958,0.9957627118644068,0.0,0.0,0.0,0,0,940,4
spring-framework,RF without_anti-pattern_metrics,0.9373670212765958,0.9957627118644068,0.0,0.0,0.0,0,0,940,4
spring-integration,CNB with anti-pattern metrics,0.46359223300970875,0.8369304556354916,0.0,0.0,0.0,0,63,349,5
spring-integration,CNB without_anti-pattern_metrics,0.46359223300970875,0.8369304556354916,0.0,0.0,0.0,0,63,349,5
spring-integration,LR with anti-pattern metrics,0.5582524271844661,0.7769784172661871,0.021739130434782608,0.4,0.041237113402061855,2,90,322,3
spring-integration,LR without_anti-pattern_metrics,0.5582524271844661,0.7769784172661871,0.021739130434782608,0.4,0.041237113402061855,2,90,322,3
spring-integration,DT with anti-pattern metrics,0.5766990291262136,0.947242206235012,0.05263157894736842,0.2,0.08333333333333333,1,18,394,4
spring-integration,DT without_anti-pattern_metrics,0.5766990291262136,0.947242206235012,0.05263157894736842,0.2,0.08333333333333333,1,18,394,4
spring-integration,MLP with anti-pattern metrics,0.4980582524271845,0.988009592326139,0.0,0.0,0.0,0,0,412,5
spring-integration,MLP without_anti-pattern_metrics,0.503883495145631,0.988009592326139,0.0,0.0,0.0,0,0,412,5
spring-integration,SVM with anti-pattern metrics,0.5475728155339806,0.7769784172661871,0.0,0.0,0.0,0,88,324,5
spring-integration,SVM without_anti-pattern_metrics,0.5475728155339806,0.7769784172661871,0.0,0.0,0.0,0,88,324,5
spring-integration,RF with anti-pattern metrics,0.5109223300970873,0.988009592326139,0.0,0.0,0.0,0,0,412,5
spring-integration,RF without_anti-pattern_metrics,0.5109223300970873,0.988009592326139,0.0,0.0,0.0,0,0,412,5
stratosphere,CNB with anti-pattern metrics,0.781437125748503,0.757396449704142,0.024390243902439025,0.5,0.046511627906976744,1,40,127,1
stratosphere,CNB without_anti-pattern_metrics,0.781437125748503,0.757396449704142,0.024390243902439025,0.5,0.046511627906976744,1,40,127,1
stratosphere,LR with anti-pattern metrics,0.7005988023952097,0.7455621301775148,0.023255813953488372,0.5,0.044444444444444446,1,42,125,1
stratosphere,LR without_anti-pattern_metrics,0.7005988023952097,0.7455621301775148,0.023255813953488372,0.5,0.044444444444444446,1,42,125,1
stratosphere,DT with anti-pattern metrics,0.4610778443113772,0.9112426035502958,0.0,0.0,0.0,0,13,154,2
stratosphere,DT without_anti-pattern_metrics,0.4610778443113772,0.9112426035502958,0.0,0.0,0.0,0,13,154,2
stratosphere,MLP with anti-pattern metrics,0.5598802395209581,0.9881656804733728,0.0,0.0,0.0,0,0,167,2
stratosphere,MLP without_anti-pattern_metrics,0.622754491017964,0.9881656804733728,0.0,0.0,0.0,0,0,167,2
stratosphere,SVM with anti-pattern metrics,0.6287425149700598,0.6863905325443787,0.018867924528301886,0.5,0.03636363636363636,1,52,115,1
stratosphere,SVM without_anti-pattern_metrics,0.6287425149700598,0.6863905325443787,0.018867924528301886,0.5,0.03636363636363636,1,52,115,1
stratosphere,RF with anti-pattern metrics,0.7095808383233533,0.9881656804733728,0.0,0.0,0.0,0,0,167,2
stratosphere,RF without_anti-pattern_metrics,0.7095808383233533,0.9881656804733728,0.0,0.0,0.0,0,0,167,2
structr,CNB with anti-pattern metrics,0.5920814479638009,0.838495575221239,0.056338028169014086,0.4,0.09876543209876543,4,67,375,6
structr,CNB without_anti-pattern_metrics,0.5920814479638009,0.838495575221239,0.056338028169014086,0.4,0.09876543209876543,4,67,375,6
structr,LR with anti-pattern metrics,0.7024886877828055,0.7831858407079646,0.041666666666666664,0.4,0.07547169811320754,4,92,350,6
structr,LR without_anti-pattern_metrics,0.7024886877828055,0.7831858407079646,0.041666666666666664,0.4,0.07547169811320754,4,92,350,6
structr,DT with anti-pattern metrics,0.5963800904977375,0.8517699115044248,0.047619047619047616,0.3,0.0821917808219178,3,60,382,7
structr,DT without_anti-pattern_metrics,0.5963800904977375,0.8517699115044248,0.047619047619047616,0.3,0.0821917808219178,3,60,382,7
structr,MLP with anti-pattern metrics,0.35972850678733026,0.9778761061946902,0.0,0.0,0.0,0,0,442,10
structr,MLP without_anti-pattern_metrics,0.38235294117647056,0.9778761061946902,0.0,0.0,0.0,0,0,442,10
structr,SVM with anti-pattern metrics,0.7133484162895928,0.7853982300884956,0.05154639175257732,0.5,0.09345794392523364,5,92,350,5
structr,SVM without_anti-pattern_metrics,0.7133484162895928,0.7853982300884956,0.05154639175257732,0.5,0.09345794392523364,5,92,350,5
structr,RF with anti-pattern metrics,0.8110859728506787,0.9778761061946902,0.0,0.0,0.0,0,0,442,10
structr,RF without_anti-pattern_metrics,0.8110859728506787,0.9778761061946902,0.0,0.0,0.0,0,0,442,10
vert.x,CNB with anti-pattern metrics,0.4881889763779528,0.8992248062015504,0.07692307692307693,0.5,0.13333333333333333,1,12,115,1
vert.x,CNB without_anti-pattern_metrics,0.40944881889763773,0.8914728682170543,0.0,0.0,0.0,0,12,115,2
vert.x,LR with anti-pattern metrics,0.5708661417322834,0.9302325581395349,0.0,0.0,0.0,0,7,120,2
vert.x,LR without_anti-pattern_metrics,0.610236220472441,0.9302325581395349,0.0,0.0,0.0,0,7,120,2
vert.x,DT with anti-pattern metrics,0.9350393700787402,0.813953488372093,0.07692307692307693,1.0,0.14285714285714285,2,24,103,0
vert.x,DT without_anti-pattern_metrics,0.8543307086614174,0.8217054263565892,0.08,1.0,0.14814814814814814,2,23,104,0
vert.x,MLP with anti-pattern metrics,0.5748031496062992,0.9844961240310077,0.0,0.0,0.0,0,0,127,2
vert.x,MLP without_anti-pattern_metrics,0.31496062992125984,0.9844961240310077,0.0,0.0,0.0,0,0,127,2
vert.x,SVM with anti-pattern metrics,0.4881889763779527,0.9069767441860465,0.0,0.0,0.0,0,10,117,2
vert.x,SVM without_anti-pattern_metrics,0.45275590551181105,0.8992248062015504,0.0,0.0,0.0,0,11,116,2
vert.x,RF with anti-pattern metrics,0.6633858267716535,0.9844961240310077,0.0,0.0,0.0,0,0,127,2
vert.x,RF without_anti-pattern_metrics,0.8248031496062992,0.9844961240310077,0.0,0.0,0.0,0,0,127,2
vespa,CNB with anti-pattern metrics,0.19819819819819817,0.585958595859586,0.0,0.0,0.0,0,459,651,1
vespa,CNB without_anti-pattern_metrics,0.19819819819819817,0.585958595859586,0.0,0.0,0.0,0,459,651,1
vespa,LR with anti-pattern metrics,0.03873873873873879,0.9270927092709271,0.0,0.0,0.0,0,80,1030,1
vespa,LR without_anti-pattern_metrics,0.03873873873873879,0.9270927092709271,0.0,0.0,0.0,0,80,1030,1
vespa,DT with anti-pattern metrics,0.49954954954954955,0.9981998199819982,0.0,0.0,0.0,0,1,1109,1
vespa,DT without_anti-pattern_metrics,0.49954954954954955,0.9981998199819982,0.0,0.0,0.0,0,1,1109,1
vespa,MLP with anti-pattern metrics,0.052252252252252274,0.9990999099909991,0.0,0.0,0.0,0,0,1110,1
vespa,MLP without_anti-pattern_metrics,0.04504504504504503,0.9990999099909991,0.0,0.0,0.0,0,0,1110,1
vespa,SVM with anti-pattern metrics,0.04504504504504503,0.9837983798379838,0.0,0.0,0.0,0,17,1093,1
vespa,SVM without_anti-pattern_metrics,0.04504504504504503,0.9837983798379838,0.0,0.0,0.0,0,17,1093,1
vespa,RF with anti-pattern metrics,0.4671171171171171,0.9990999099909991,0.0,0.0,0.0,0,0,1110,1
vespa,RF without_anti-pattern_metrics,0.4671171171171171,0.9990999099909991,0.0,0.0,0.0,0,0,1110,1
webanno,CNB with anti-pattern metrics,0.02684563758389258,0.82,0.0,0.0,0.0,0,26,123,1
webanno,CNB without_anti-pattern_metrics,0.06711409395973156,0.88,0.0,0.0,0.0,0,17,132,1
webanno,LR with anti-pattern metrics,0.9731543624161073,0.9133333333333333,0.07142857142857142,1.0,0.13333333333333333,1,13,136,0
webanno,LR without_anti-pattern_metrics,0.9798657718120805,0.9133333333333333,0.07142857142857142,1.0,0.13333333333333333,1,13,136,0
webanno,DT with anti-pattern metrics,0.48322147651006714,0.96,0.0,0.0,0.0,0,5,144,1
webanno,DT without_anti-pattern_metrics,0.9630872483221476,0.9466666666666667,0.1111111111111111,1.0,0.2,1,8,141,0
webanno,MLP with anti-pattern metrics,,0.9933333333333333,0.0,0.0,0.0,0,0,149,1
webanno,MLP without_anti-pattern_metrics,,0.9933333333333333,0.0,0.0,0.0,0,0,149,1
webanno,SVM with anti-pattern metrics,0.8523489932885906,0.9,0.0,0.0,0.0,0,14,135,1
webanno,SVM without_anti-pattern_metrics,0.9261744966442953,0.9266666666666666,0.08333333333333333,1.0,0.15384615384615385,1,11,138,0
webanno,RF with anti-pattern metrics,0.9664429530201343,0.9933333333333333,0.0,0.0,0.0,0,0,149,1
webanno,RF without_anti-pattern_metrics,0.9765100671140939,0.9933333333333333,0.0,0.0,0.0,0,0,149,1
worldgrower,CNB with anti-pattern metrics,0.4847417840375587,0.9547038327526133,0.0,0.0,0.0,0,10,274,3
worldgrower,CNB without_anti-pattern_metrics,0.4859154929577465,0.9547038327526133,0.0,0.0,0.0,0,10,274,3
worldgrower,LR with anti-pattern metrics,0.8286384976525821,0.926829268292683,0.09090909090909091,0.6666666666666666,0.16,2,20,264,1
worldgrower,LR without_anti-pattern_metrics,0.8286384976525821,0.9233449477351916,0.08695652173913043,0.6666666666666666,0.15384615384615385,2,21,263,1
worldgrower,DT with anti-pattern metrics,0.4225352112676056,0.8362369337979094,0.0,0.0,0.0,0,44,240,3
worldgrower,DT without_anti-pattern_metrics,0.7235915492957746,0.9616724738675958,0.0,0.0,0.0,0,8,276,3
worldgrower,MLP with anti-pattern metrics,0.24061032863849766,0.9895470383275261,0.0,0.0,0.0,0,0,284,3
worldgrower,MLP without_anti-pattern_metrics,0.2359154929577465,0.9895470383275261,0.0,0.0,0.0,0,0,284,3
worldgrower,SVM with anti-pattern metrics,0.8462441314553991,0.9442508710801394,0.11764705882352941,0.6666666666666666,0.2,2,15,269,1
worldgrower,SVM without_anti-pattern_metrics,0.8450704225352111,0.9442508710801394,0.11764705882352941,0.6666666666666666,0.2,2,15,269,1
worldgrower,RF with anti-pattern metrics,0.9078638497652582,0.9895470383275261,0.0,0.0,0.0,0,0,284,3
worldgrower,RF without_anti-pattern_metrics,0.8139671361502347,0.9895470383275261,0.0,0.0,0.0,0,0,284,3
xchange,CNB with anti-pattern metrics,0.8211593720068298,0.6426116838487973,0.1396011396011396,0.8305084745762712,0.23902439024390243,49,302,512,10
xchange,CNB without_anti-pattern_metrics,0.8218256777578812,0.6380297823596792,0.13802816901408452,0.8305084745762712,0.23671497584541062,49,306,508,10
xchange,LR with anti-pattern metrics,0.8580976970807479,0.8281786941580757,0.24293785310734464,0.7288135593220338,0.3644067796610169,43,134,680,16
xchange,LR without_anti-pattern_metrics,0.8580144088618665,0.8281786941580757,0.24293785310734464,0.7288135593220338,0.3644067796610169,43,134,680,16
xchange,DT with anti-pattern metrics,0.8468537875317536,0.8671248568155785,0.2978723404255319,0.711864406779661,0.42,42,99,715,17
xchange,DT without_anti-pattern_metrics,0.8659476117103235,0.8018327605956472,0.22596153846153846,0.7966101694915254,0.352059925093633,47,161,653,12
xchange,MLP with anti-pattern metrics,0.8390767500936993,0.9324169530355098,0.5,0.01694915254237288,0.03278688524590164,1,1,813,58
xchange,MLP without_anti-pattern_metrics,0.8458751509598967,0.9312714776632303,0.4444444444444444,0.06779661016949153,0.11764705882352941,4,5,809,55
xchange,SVM with anti-pattern metrics,0.8421688252196726,0.843069873997709,0.25925925925925924,0.711864406779661,0.38009049773755654,42,120,694,17
xchange,SVM without_anti-pattern_metrics,0.8421688252196726,0.843069873997709,0.25925925925925924,0.711864406779661,0.38009049773755654,42,120,694,17
xchange,RF with anti-pattern metrics,0.930329404905676,0.9576174112256587,0.8666666666666667,0.4406779661016949,0.5842696629213483,26,4,810,33
xchange,RF without_anti-pattern_metrics,0.9342751842751842,0.9576174112256587,0.8666666666666667,0.4406779661016949,0.5842696629213483,26,4,810,33
xp,CNB with anti-pattern metrics,0.0913173652694611,0.6995515695067265,0.0,0.0,0.0,0,200,468,1
xp,CNB without_anti-pattern_metrics,0.0913173652694611,0.6995515695067265,0.0,0.0,0.0,0,200,468,1
xp,LR with anti-pattern metrics,0.046407185628742464,0.8550074738415545,0.0,0.0,0.0,0,96,572,1
xp,LR without_anti-pattern_metrics,0.046407185628742464,0.8550074738415545,0.0,0.0,0.0,0,96,572,1
xp,DT with anti-pattern metrics,0.49700598802395207,0.992526158445441,0.0,0.0,0.0,0,4,664,1
xp,DT without_anti-pattern_metrics,0.49700598802395207,0.992526158445441,0.0,0.0,0.0,0,4,664,1
xp,MLP with anti-pattern metrics,0.18862275449101795,0.9985052316890882,0.0,0.0,0.0,0,0,668,1
xp,MLP without_anti-pattern_metrics,0.18712574850299402,0.9985052316890882,0.0,0.0,0.0,0,0,668,1
xp,SVM with anti-pattern metrics,0.05688622754491013,0.85949177877429,0.0,0.0,0.0,0,93,575,1
xp,SVM without_anti-pattern_metrics,0.05688622754491013,0.85949177877429,0.0,0.0,0.0,0,93,575,1
xp,RF with anti-pattern metrics,0.4026946107784431,0.9985052316890882,0.0,0.0,0.0,0,0,668,1
xp,RF without_anti-pattern_metrics,0.4026946107784431,0.9985052316890882,0.0,0.0,0.0,0,0,668,1
